Round,Train_accuray,Test_accuray,Test_validationset_accuray,Train_FNR,Test_FNR,Test_validationset_FNR,accuracy,f1,precision,MCR on train data,MCR on test data,AvgD on train data,AvgD on test data,retrain_time
0.0,0.9604871097292396,0.9562087582483504,0.9562087582483504,0.0463082068433239,0.04722056186491333,0.04722056186491333,0.9562612342720191,0.9562087582483504,0.9596628537025887,0.9984563931052225,0.9982068141063957,46.55501159494975,55.79711884753901,641.2871826980008
1.0,0.974977856510186,0.0,0.9583965988460371,0.016309204647006255,0.0,0.025925925925925925,0.9590555887627017,0.9583965988460371,0.9740740740740741,1.0,1.0,70.16799588371495,70.14106395696354,662.6187335270006
