Round,Train_accuray,Test_accuray,Test_validationset_accuray,Train_FNR,Test_FNR,Test_validationset_FNR,accuracy,f1,precision,MCR on train data,MCR on test data,AvgD on train data,AvgD on test data,retrain_time
1.0,0.9752085816448153,0.9610636277302944,0.9607487922705313,0.04036164029706167,0.055269922879177376,0.0403371462974112,0.9610545236668664,0.9607487922705313,0.9707138499084808,0.9987136609210188,0.9988045427375971,52.10097887686759,52.077199281867145,2073.981872519
