Round,Train_accuray,Test_accuray,Test_validationset_accuray,Train_FNR,Test_FNR,Test_validationset_FNR,accuracy,f1,precision,MCR on train data,MCR on test data,AvgD on train data,AvgD on test data,retrain_time
1.0,0.9752085816448153,0.9610636277302944,0.9607487922705313,0.04036164029706167,0.055269922879177376,0.0403371462974112,0.9610545236668664,0.9607487922705313,0.9707138499084808,0.9987136609210188,0.9988045427375971,52.10097887686759,52.077199281867145,2073.981872519
2.0,0.9780386217341915,0.9648393194706995,0.9555420219244823,0.055449330783938815,0.06775407779171895,0.0403371462974112,0.9562612342720191,0.9555420219244823,0.9739292364990689,1.0,1.0,46.00797530228969,46.03825463239689,7093.696505924
3.0,0.951290755506434,0.9439899307740718,0.9081665077851923,0.0680379746835443,0.0819277108433735,0.0403371462974112,0.9134212103055722,0.9081665077851923,0.9694708276797829,0.34036532029843064,0.34787806335923493,30.744520030234316,31.7105719237435,7496.778979224997
4.0,0.981311057624239,0.9680158505519388,0.9514443761524278,0.07294264339152119,0.09169764560099132,0.0403371462974112,0.9526662672258838,0.9514443761524278,0.9791271347248577,1.0,1.0,30.620272703884748,65.94261805140466,2159.609267586002
