Round,Train_accuray,Test_accuray,Test_validationset_accuray,Train_FNR,Test_FNR,Test_validationset_FNR,accuracy,f1,precision,MCR on train data,MCR on test data,AvgD on train data,AvgD on test data,retrain_time
0.0,0.9604871097292396,0.9562087582483504,0.9562087582483504,0.0463082068433239,0.04722056186491333,0.04722056186491333,0.9562612342720191,0.9562087582483504,0.9596628537025887,0.9984563931052225,0.9982068141063957,46.55501159494975,55.79711884753901,641.2871826980008
1.0,0.974977856510186,0.0,0.9583965988460371,0.016309204647006255,0.0,0.025925925925925925,0.9590555887627017,0.9583965988460371,0.9740740740740741,1.0,1.0,70.16799588371495,70.14106395696354,662.6187335270006
2.0,0.9750824894754807,0.0,0.9588128407026044,0.01742719559734006,0.0,0.028238182934315532,0.9593544530783025,0.9588128407026044,0.9717618170656844,0.9963982505788526,0.9964136282127914,60.182287632326364,60.1877624475105,738.4731164149998
3.0,0.9785355720962436,0.0,0.9557522123893805,0.01343804537521815,0.0,0.02369077306733167,0.956664674237896,0.9557522123893805,0.9763092269326683,0.9593516851041934,0.968320382546324,35.57200321802092,57.74295081967213,786.2324145420025
4.0,0.9690953889475535,0.0,0.9365671641791045,0.018397033656588704,0.0,0.023979261179520414,0.9390316796174537,0.9365671641791045,0.9760207388204796,0.6830460509390275,0.6838015540944411,31.69416195856874,37.334261838440106,801.430525456999
5.0,0.9786155747836836,0.0,0.9464230411892226,0.01222707423580786,0.0,0.017994858611825194,0.9482964734010759,0.9464230411892226,0.9820051413881749,0.9323385644455878,0.9438135086670651,65.19895143487858,65.15802943058222,722.3344815430028
6.0,0.9795726143521516,0.0,0.9499691167387276,0.012814428096820124,0.0,0.017252396166134186,0.9515839808726838,0.9499691167387276,0.9827476038338658,0.8659634679701569,0.8750747160789002,34.326500297088536,39.11724137931035,884.3000485099983
7.0,0.9609756097560976,0.0,0.8944300518134716,0.021487960263470468,0.0,0.02402826855123675,0.9025702331141662,0.8944300518134716,0.9759717314487633,0.3617185490095189,0.3705917513448894,11.064011379800853,31.869565217391305,911.3609475730009
