,activity,feature,intent,permission,provider,service_receiver
0,10.010569572404506,2.5310399352924438,3.8099746503142775,7.830649964388862,0.9172340488128761,9.619551498042144
1,1.0,1.053361325829968,1.1365995895780296,1.717924603635846,,
